{"initial_reset_timestamp": 1568657251.1361194, "timestamps": [1568657256.53917, 1568657260.3061993, 1568657262.5582006, 1568657266.3131878, 1568657269.0721917, 1568657274.1432683, 1568657276.9264886, 1568657280.593513, 1568657283.3485124, 1568657286.1395123], "episode_lengths": [178, 147, 87, 147, 108, 200, 108, 144, 107, 108], "episode_rewards": [-178.0, -147.0, -87.0, -147.0, -108.0, -200.0, -108.0, -144.0, -107.0, -108.0], "episode_types": ["t", "t", "t", "t", "t", "t", "t", "t", "t", "t"]}