{"initial_reset_timestamp": 1568657211.1673772, "timestamps": [1568657218.3245473, 1568657218.8065941, 1568657223.4697723, 1568657223.5967727, 1568657227.9171898, 1568657228.2699497, 1568657233.07992, 1568657233.214926, 1568657235.9159195, 1568657236.756634], "episode_lengths": [108, 108, 181, 87, 129, 107, 181, 108, 108, 185], "episode_rewards": [-108.0, -108.0, -181.0, -87.0, -129.0, -107.0, -181.0, -108.0, -108.0, -185.0], "episode_types": ["t", "t", "t", "t", "t", "t", "t", "t", "t", "t"]}