{"initial_reset_timestamp": 1569183118.377749, "timestamps": [1569183126.090803, 1569183126.377804, 1569183126.5768864, 1569183126.712862, 1569183126.8928614, 1569183127.1078618, 1569183127.251897, 1569183127.404862, 1569183127.6658618, 1569183127.8778622, 1569183134.347334, 1569183134.9714441, 1569183135.1844099, 1569183135.5744097, 1569183136.11541, 1569183136.3844094, 1569183136.547443, 1569183136.6994417, 1569183136.827468, 1569183136.9704425, 1569183143.0636132, 1569183143.5332658, 1569183143.7432914, 1569183143.9342659, 1569183144.408268, 1569183144.5892684, 1569183144.8322654, 1569183145.1792884, 1569183145.831322, 1569183146.44941, 1569183152.4904637, 1569183152.849463, 1569183153.2304635, 1569183153.4534626, 1569183153.8095026, 1569183154.0475223, 1569183154.2974963, 1569183154.5174966, 1569183154.7884974, 1569183154.9424963, 1569183161.4594984, 1569183161.740497, 1569183162.0554988, 1569183162.2804976, 1569183162.7345467, 1569183163.101547, 1569183163.2916288, 1569183163.5336297, 1569183163.7346559, 1569183163.9926853, 1569183170.4868221, 1569183170.830821, 1569183171.768822, 1569183171.9668927, 1569183172.1888902, 1569183172.6738899, 1569183172.8528917, 1569183172.9908893, 1569183173.1478903, 1569183173.4159157, 1569183179.4598894, 1569183179.76889, 1569183179.9018903, 1569183180.1758904, 1569183180.8178904, 1569183181.2309172, 1569183181.3438914, 1569183181.6058903, 1569183181.76789, 1569183181.9448895, 1569183189.5188916, 1569183189.7948892, 1569183190.7088902, 1569183190.8648896, 1569183191.04589, 1569183191.2738903, 1569183191.5769165, 1569183191.7228942, 1569183191.9668906, 1569183192.308924, 1569183196.3919313, 1569183196.629917, 1569183196.808889, 1569183197.5698903, 1569183197.8718913, 1569183198.335891, 1569183198.6858919, 1569183198.89589, 1569183199.1679153, 1569183199.377889, 1569183204.6168897, 1569183204.9061627, 1569183205.134162, 1569183205.384164, 1569183205.7421644, 1569183206.0161884, 1569183206.1941626, 1569183206.429188, 1569183206.6581614, 1569183207.0501857], "episode_lengths": [191, 213, 212, 144, 213, 224, 175, 183, 259, 213, 257, 465, 232, 330, 474, 284, 165, 168, 131, 150, 243, 264, 209, 204, 406, 202, 227, 296, 542, 556, 241, 323, 350, 213, 335, 213, 230, 235, 272, 156, 260, 224, 289, 224, 356, 367, 200, 246, 227, 263, 259, 283, 734, 201, 221, 423, 185, 156, 183, 269, 241, 245, 153, 248, 487, 346, 125, 266, 197, 204, 302, 235, 713, 190, 213, 248, 278, 162, 265, 308, 162, 184, 200, 669, 311, 379, 294, 222, 256, 229, 209, 160, 239, 243, 324, 259, 203, 227, 232, 315], "episode_rewards": [258.13331786355207, 263.52530861925413, 237.93996224877995, 32.69880348360647, 238.6446966027176, 301.94816140072135, 280.8620436844899, 243.3388891368317, 273.4310713949202, 284.97647866928264, 255.997800468023, 189.1983339573439, -47.808258059940584, 240.1820306008799, -169.9023213026735, 325.28324382007884, -9.521293022949749, -21.249037848140446, 45.4375952446469, -14.980247941411093, 279.31535356076995, 250.1933267305675, 285.61330947657876, 255.3689259832256, 189.52663016762165, 240.98044669412226, 254.64158646447277, 264.93587650734844, 132.9281213631583, 273.9581333659796, 251.76537682269426, 278.0926902322217, -148.60629938141398, 27.903233397425282, 282.0539371182586, 22.838660415830873, 269.6310160871659, 290.77722996414207, 278.58368124824165, 35.81120910205178, 266.4694007803362, 235.53145363333974, 276.0193405164261, 267.9944058274883, 225.19670497847068, 271.1004869698991, 52.11235918814822, 273.76995365029006, 273.99226061004333, 253.93677679727196, -243.23227477004554, 254.22714030073607, 191.4538775420217, 250.6674899615707, 249.32377700524935, -196.94476776456932, 225.60662640036674, -10.09672044146238, 231.1130414897553, 283.5632836123194, 248.90397735527992, 271.8940210236052, -5.573110907880718, 264.15968451548366, -12.275533471111046, 282.0161882616705, -8.4481290911164, 266.19929611179566, 242.62899110747713, 235.30806713367764, 280.0170935759616, 250.75554600649625, 291.35834901286887, 238.95975441217675, 278.5361078778268, 296.1419094958384, 194.93257458764754, -67.52399361428022, 318.3978985637645, 263.6407258582502, 50.987514752785415, -43.41847005199757, 254.4870417458227, 270.5685497819321, 266.8735278442179, 199.11124104310096, 255.75125676700304, 224.25672599471622, 262.9610109169928, 245.0651153507756, 250.9002280785377, 9.626439644883803, 9.815136078702935, 281.82465753034927, 250.64694476829786, 301.5644917643179, 255.53019264649416, 279.3939557241994, 268.5354208538449, 238.5800050784465], "episode_types": ["t", "t", "t", "t", "t", "t", "t", "t", "t", "t", "t", "t", "t", "t", "t", "t", "t", "t", "t", "t", "t", "t", "t", "t", "t", "t", "t", "t", "t", "t", "t", "t", "t", "t", "t", "t", "t", "t", "t", "t", "t", "t", "t", "t", "t", "t", "t", "t", "t", "t", "t", "t", "t", "t", "t", "t", "t", "t", "t", "t", "t", "t", "t", "t", "t", "t", "t", "t", "t", "t", "t", "t", "t", "t", "t", "t", "t", "t", "t", "t", "t", "t", "t", "t", "t", "t", "t", "t", "t", "t", "t", "t", "t", "t", "t", "t", "t", "t", "t", "t"]}