{"initial_reset_timestamp": 1569259339.8984613, "timestamps": [1569259357.5694318, 1569259362.6603236, 1569259372.8483255, 1569259377.9183438, 1569259387.9643457, 1569259393.006343, 1569259403.0474744, 1569259408.090505, 1569259417.7785034, 1569259422.8215692], "episode_lengths": [200, 200, 200, 200, 200, 200, 200, 200, 192, 200], "episode_rewards": [200.0, 200.0, 200.0, 200.0, 200.0, 200.0, 200.0, 200.0, 192.0, 200.0], "episode_types": ["t", "t", "t", "t", "t", "t", "t", "t", "t", "t"]}